"","","","","","","","","","","",""
"1","2024-03-28","GENEXIL","60.4","60.9","59.1","60.4","60.4","60.3","449","8.64","143,755"
"2","2024-03-27","GENEXIL","60.1","61","60","60.9","60.3","61.1","323","5.758","95,309"
"3","2024-03-25","GENEXIL","61.1","61.7","60.8","61.4","61.1","61.4","435","6.897","112,755"
"4","2024-03-24","GENEXIL","61.4","63.5","61","62.9","61.4","62.5","549","11.789","189,085"
"5","2024-03-21","GENEXIL","62.8","62.8","61.6","62.8","62.5","61.4","539","10.017","160,948"
"6","2024-03-20","GENEXIL","61.4","61.9","60.9","61.5","61.4","60","372","6.617","107,713"
"7","2024-03-19","GENEXIL","60","63.9","59.8","63.9","60","63.9","1,012","29.279","482,010"
"8","2024-03-18","GENEXIL","63.9","66.2","63.7","65.6","63.9","65.5","514","10.36","160,475"
"9","2024-03-14","GENEXIL","65.5","66","65.2","65.6","65.5","65.3","307","7.756","118,380"
"10","2024-03-13","GENEXIL","65.3","66","64.9","65.4","65.3","65.5","422","8.562","130,906"
"11","2024-03-12","GENEXIL","65.5","66.8","65.3","66.6","65.5","65.6","349","5.763","87,666"
"12","2024-03-11","GENEXIL","65.6","67.6","65.1","67.6","65.6","66.3","601","14.604","221,256"
"13","2024-03-10","GENEXIL","66.3","68.6","66","66.5","66.3","66.8","382","5.723","85,855"
"14","2024-03-07","GENEXIL","66.8","68.4","66.3","68.2","66.8","68","687","16.786","249,964"
"15","2024-03-06","GENEXIL","68","68.6","67.8","68","68","67.9","365","8.109","119,117"
"16","2024-03-05","GENEXIL","67.9","69","67.7","68.3","67.9","68.2","502","9.903","145,392"
"17","2024-03-04","GENEXIL","68.2","68.6","68","68.1","68.2","68","435","10.623","155,754"
"18","2024-03-03","GENEXIL","68","69.5","67.8","69.5","68","68.9","816","21.849","319,874"
"19","2024-02-29","GENEXIL","68.9","69.6","68.8","68.8","68.9","69.5","425","11.46","166,103"
"20","2024-02-28","GENEXIL","69.5","70.3","68.7","70.1","69.5","69.7","677","19.89","286,832"
"21","2024-02-27","GENEXIL","69.7","70.1","68.4","69","69.7","68.4","598","14.459","209,211"
"22","2024-02-25","GENEXIL","68.4","69.5","68.1","69.5","68.4","68.5","618","15.173","221,617"
"23","2024-02-22","GENEXIL","68.5","70.5","68.3","69.1","68.5","69.1","695","20.157","292,001"
"24","2024-02-20","GENEXIL","69.1","71","68.9","69.9","69.1","69.8","790","21.819","313,657"
"25","2024-02-19","GENEXIL","69.8","71.1","69.7","69.8","69.8","69.8","641","14.298","203,991"
"26","2024-02-18","GENEXIL","69.8","71.8","69.6","71","69.8","71.3","1,128","29.722","421,713"
"27","2024-02-15","GENEXIL","71.3","72.9","71.1","71.4","71.3","72.4","1,002","33.62","469,992"
"28","2024-02-14","GENEXIL","72.4","74.2","72.2","73.8","72.4","73.3","1,077","41.693","572,938"
"29","2024-02-13","GENEXIL","73.3","75.4","71.1","72.3","73.3","71.6","3,492","171.502","2,319,557"
"30","2024-02-12","GENEXIL","71.6","72.7","71.3","72","71.6","71.8","1,188","48.028","667,955"
"31","2024-02-11","GENEXIL","71.8","73.8","71.7","72.7","71.8","72.4","1,679","74.991","1,035,473"
"32","2024-02-08","GENEXIL","72.4","74.3","72.1","73.2","72.4","73.1","1,586","68.728","941,789"
"33","2024-02-07","GENEXIL","73.1","74.2","72","73","73.1","72.8","2,080","91.447","1,248,721"
"34","2024-02-06","GENEXIL","72.8","73.9","71","71.8","72.8","70","3,772","167.998","2,301,819"
"35","2024-02-05","GENEXIL","70","71.1","68.7","69.4","70","69.1","1,669","55.863","796,659"
"36","2024-02-04","GENEXIL","69.1","69.4","67.8","68.2","69.1","67.6","1,098","31.897","461,626"
"37","2024-02-01","GENEXIL","67.6","68","66.5","66.7","67.6","66.4","803","22.929","340,218"
"38","2024-01-31","GENEXIL","66.4","67.9","66","67.3","66.4","67.3","707","18.216","273,267"
"39","2024-01-30","GENEXIL","67.3","68.4","65.6","66.3","67.3","66.9","1,096","34.755","517,225"
"40","2024-01-29","GENEXIL","66.9","67.8","66.2","66.8","66.9","66.8","718","18.318","273,163"
"41","2024-01-28","GENEXIL","66.8","69.3","66.3","68.3","66.8","67.9","1,087","27.407","406,586"
"42","2024-01-25","GENEXIL","67.9","70.9","67.5","70.1","67.9","70.1","1,247","34.93","507,591"
"43","2024-01-24","GENEXIL","70.1","71.8","69.7","71.4","70.1","71.4","1,402","44.826","634,720"
"44","2024-01-23","GENEXIL","71.4","73","71","72","71.4","72.4","1,855","49.627","690,170"
"45","2024-01-22","GENEXIL","72.4","72.6","71.1","71.1","72.4","70.6","1,899","68.4","947,999"
"46","2024-01-21","GENEXIL","71.4","71.5","67.2","68.1","70.6","70.8","1,270","47.71","685,113"
"47","2024-01-18","GENEXIL","71","72.5","70.5","71.9","70.8","71.6","1,459","44.289","620,782"
"48","2024-01-17","GENEXIL","71.6","74","71.3","72.8","71.6","72.8","2,446","110.744","1,525,172"
"49","2024-01-16","GENEXIL","72.8","74.2","72.4","72.9","72.8","72.9","2,732","92.638","1,261,688"
"50","2024-01-15","GENEXIL","72.9","73.5","70.3","71.2","72.9","71.6","2,737","116.198","1,614,429"
"51","2024-01-14","GENEXIL","71.6","73","70.8","72.5","71.6","72.9","2,036","86.612","1,207,782"
"52","2024-01-11","GENEXIL","72.9","73.7","68.9","69","72.9","69","4,734","227.729","3,186,056"
"53","2024-01-10","GENEXIL","69","69.5","66.1","66.6","69","66.6","2,115","66.639","979,973"
"54","2024-01-09","GENEXIL","66.5","67.7","66.4","67.4","66.6","67.4","559","14.496","216,819"
"55","2024-01-08","GENEXIL","67.4","67.9","66","66.3","67.4","65.8","930","27.602","412,187"
"56","2024-01-04","GENEXIL","66.1","66.4","65.5","66","65.8","65.8","341","11.261","171,245"
"57","2024-01-03","GENEXIL","65.8","66.9","65.4","66.5","65.8","65.9","589","30.484","463,848"
"58","2024-01-02","GENEXIL","65.9","67.7","65.4","67.2","65.9","67.7","634","20.52","307,894"
"59","2024-01-01","GENEXIL","67.7","68.3","65.4","65.4","67.7","65.4","1,464","62.362","932,709"
"60","2023-12-28","GENEXIL","65.4","65.5","65.4","65.4","65.4","65.4","281","7.955","121,634"
"61","2023-12-27","GENEXIL","65.4","65.8","65.4","65.4","65.4","65.4","451","10.854","165,929"
"62","2023-12-26","GENEXIL","65.4","65.6","65.4","65.4","65.4","65.4","560","15.308","234,031"
"63","2023-12-24","GENEXIL","65.4","66.4","65.4","65.5","65.4","65.5","519","13.797","210,626"
"64","2023-12-21","GENEXIL","65.5","66.3","65.4","65.7","65.5","65.7","787","24.431","372,452"
"65","2023-12-20","GENEXIL","65.7","66.7","65.4","65.6","65.7","65.6","682","17.192","261,326"
"66","2023-12-19","GENEXIL","66.2","66.9","65.4","66","65.6","66.3","936","23.966","364,908"
"67","2023-12-18","GENEXIL","66.3","68","66.1","66.2","66.3","66.7","882","17.684","264,495"
"68","2023-12-17","GENEXIL","66.7","68","66.4","67.7","66.7","67.7","822","19.066","283,702"
"69","2023-12-14","GENEXIL","67.7","68.5","67.6","68.4","67.7","68.3","676","16.941","249,979"
"70","2023-12-13","GENEXIL","68.3","69.8","68.2","69.3","68.3","69.1","1,002","31.048","451,932"
"71","2023-12-12","GENEXIL","69.1","70.6","68.7","68.9","69.1","68.9","1,866","50.868","731,232"
"72","2023-12-11","GENEXIL","68.9","69.6","66.9","67.2","68.9","67.2","1,636","38.058","557,546"
"73","2023-12-10","GENEXIL","67.2","68.7","66.9","68","67.2","67.8","1,251","26.442","392,607"
"74","2023-12-07","GENEXIL","67.8","69.2","67.5","68.8","67.8","68.4","1,571","42.694","626,909"
"75","2023-12-06","GENEXIL","68.4","69.9","68.1","69.5","68.4","70.3","2,626","87.826","1,278,705"
"76","2023-12-05","GENEXIL","70.3","73.3","69.8","71.2","70.3","71.2","1,909","59.175","829,035"
"77","2023-12-04","GENEXIL","71.2","71.9","65.4","65.4","71.2","65.4","4,716","189.218","2,715,117"
"78","2023-12-03","GENEXIL","65.4","65.4","65.4","65.4","65.4","65.4","40","0.9","13,754"
"79","2023-11-30","GENEXIL","65.4","65.4","65.4","65.4","65.4","65.4","74","0.992","15,171"
"80","2023-11-29","GENEXIL","65.4","65.4","65.4","65.4","65.4","65.4","20","0.448","6,849"
"81","2023-11-28","GENEXIL","65.4","65.4","65.4","65.4","65.4","65.4","28","0.034","523"
"82","2023-11-27","GENEXIL","65.4","65.4","65.4","65.4","65.4","65.4","35","0.391","5,972"
"83","2023-11-26","GENEXIL","65.4","65.4","65.4","65.4","65.4","65.4","55","2.047","31,303"
"84","2023-11-23","GENEXIL","65.4","65.4","65.4","65.4","65.4","65.4","70","2.639","40,349"
"85","2023-11-22","GENEXIL","65.4","65.4","65.4","65.4","65.4","65.4","82","3.46","52,900"
"86","2023-11-21","GENEXIL","65.4","65.4","65.4","65.4","65.4","68","170","2.699","41,267"
"87","2023-11-20","GENEXIL","0","0","0","0","68","68","0","0","0"
"88","2023-11-19","GENEXIL","68","68","68","68","68","68","74","2.21","32,503"
"89","2023-11-16","GENEXIL","68","68","68","68","68","68","35","0.195","2,871"
"90","2023-11-15","GENEXIL","68","68","68","68","68","68","38","0.809","11,901"
"91","2023-11-14","GENEXIL","68","68","68","68","68","68","35","0.883","12,991"
"92","2023-11-13","GENEXIL","68","68","68","68","68","68","51","1.253","18,425"
"93","2023-11-12","GENEXIL","68","68","68","68","68","68","43","0.929","13,657"
"94","2023-11-09","GENEXIL","68","68","68","68","68","68","55","0.661","9,721"
"95","2023-11-08","GENEXIL","68","68","68","68","68","68","88","1.23","18,088"
"96","2023-11-07","GENEXIL","68","68","68","68","68","68","157","4.747","69,814"
"97","2023-11-06","GENEXIL","68","68","68","68","68","68","92","2.713","39,895"
"98","2023-11-05","GENEXIL","68","68","68","68","68","68","81","0.604","8,875"
"99","2023-11-02","GENEXIL","68","68","68","68","68","68","72","1.944","28,589"
"100","2023-11-01","GENEXIL","68","68.1","68","68.1","68","68","155","4.506","66,265"
"101","2023-10-31","GENEXIL","68","68.8","68","68.1","68","68.1","528","16.316","239,844"
"102","2023-10-30","GENEXIL","68.1","69.5","68","68.5","68.1","68.2","1,534","55.74","817,398"
"103","2023-10-29","GENEXIL","68.2","72.1","68","71.4","68.2","71.1","1,692","52.119","757,472"
"104","2023-10-26","GENEXIL","71.1","71.3","70.4","71","71.1","70.8","518","17.452","245,923"
"105","2023-10-25","GENEXIL","70.8","71.4","70.4","70.8","70.8","70.2","559","16.346","230,529"
"106","2023-10-23","GENEXIL","70.2","70.7","70","70.2","70.2","70.4","1,234","31.65","451,191"
"107","2023-10-22","GENEXIL","70.4","71.7","70.2","71.7","70.4","71.2","911","23.637","334,351"
"108","2023-10-19","GENEXIL","71.2","72","70.5","72","71.2","71.6","1,103","29.001","408,355"
"109","2023-10-18","GENEXIL","71.6","72.9","71.4","72.5","71.6","71.8","661","19.135","266,063"
"110","2023-10-17","GENEXIL","71.8","72.1","71.1","72","71.8","71","734","21.482","299,458"
"111","2023-10-16","GENEXIL","71","71.9","70.8","71.6","71","71.2","645","16.464","231,019"
"112","2023-10-15","GENEXIL","71.2","73","71","72.7","71.2","72.2","658","16.513","230,781"
"113","2023-10-12","GENEXIL","72.2","72.5","71.7","72.1","72.2","71.8","670","18.362","254,589"
"114","2023-10-11","GENEXIL","71.8","72.3","70.5","70.5","71.8","70.5","822","22.637","316,553"
"115","2023-10-10","GENEXIL","70.5","71.5","70.3","71","70.5","70.3","521","13.368","189,316"
"116","2023-10-09","GENEXIL","70.3","71.7","70.2","70.8","70.3","71.1","806","28.074","397,184"
"117","2023-10-08","GENEXIL","71.1","72.3","70.9","72.1","71.1","72.4","923","23.082","322,743"
"118","2023-10-05","GENEXIL","72.4","73.4","72.1","72.1","72.4","72.2","645","17.057","234,860"
"119","2023-10-04","GENEXIL","72.2","73","72.1","72.6","72.2","72.6","653","16.379","226,483"
"120","2023-10-03","GENEXIL","72.6","73.9","72.5","73.9","72.6","73.3","908","26.502","363,506"
"121","2023-10-02","GENEXIL","73.3","74.3","72.6","74.3","73.3","74.1","1,300","37.938","518,445"
"122","2023-10-01","GENEXIL","74.1","75.6","73.8","75.1","74.1","75.1","1,003","30.785","413,306"
"123","2023-09-27","GENEXIL","75.1","75.5","74.8","75.4","75.1","75.4","833","27.63","368,027"
"124","2023-09-26","GENEXIL","75.4","76.7","75.2","76","75.4","75.9","911","27.294","359,931"
"125","2023-09-25","GENEXIL","75.9","76.7","75","75.6","75.9","75.6","1,099","42.217","556,720"
"126","2023-09-24","GENEXIL","75.6","78.1","75.4","78","75.6","77.5","1,495","47.203","616,062"
"127","2023-09-21","GENEXIL","77.5","78.5","74.5","74.5","77.5","74.7","2,455","108.343","1,409,112"
"128","2023-09-20","GENEXIL","74.7","76","74.5","75","74.7","74.8","979","35.704","476,767"
"129","2023-09-19","GENEXIL","74.8","76.2","74.6","75.1","74.8","75.3","1,160","35.591","475,782"
"130","2023-09-18","GENEXIL","75.3","76.8","75.1","76.3","75.3","76","878","30.821","407,481"
"131","2023-09-17","GENEXIL","76","76.7","74","75","76","74.9","1,430","49.494","656,876"
"132","2023-09-14","GENEXIL","74.9","75.6","74.8","75.3","74.9","75.4","719","21.654","288,613"
"133","2023-09-13","GENEXIL","75.4","76.5","75.2","76.1","75.4","75.7","853","25.581","338,501"
"134","2023-09-12","GENEXIL","75.7","76.2","74.8","75","75.7","75.1","743","26.224","347,461"
"135","2023-09-11","GENEXIL","75.1","76.6","74.7","76.3","75.1","75.2","758","17.661","234,374"
"136","2023-09-10","GENEXIL","75.2","77.7","75","77.3","75.2","77.3","1,627","46.18","609,965"
"137","2023-09-07","GENEXIL","77.3","81","77","81","77.3","78","1,138","36.979","476,019"
"138","2023-09-05","GENEXIL","78","78.7","77.4","78.2","78","78.2","987","28.32","363,137"
"139","2023-09-04","GENEXIL","78.2","79.7","77.9","79","78.2","78.8","1,224","50.582","644,332"
"140","2023-09-03","GENEXIL","78.8","79.8","77.7","77.7","78.8","77.3","1,697","70.335","892,053"
"141","2023-08-31","GENEXIL","77.3","77.8","76.8","77.6","77.3","76.7","969","36.684","474,901"
"142","2023-08-30","GENEXIL","76.7","77.9","76.4","77.3","76.7","77.3","1,142","35.588","462,171"
"143","2023-08-29","GENEXIL","77.3","78.6","76.9","78.5","77.3","78.4","1,401","55.205","712,399"
"144","2023-08-28","GENEXIL","78.4","80.4","78.1","78.7","78.4","78.1","2,315","83.765","1,054,827"
"145","2023-08-27","GENEXIL","78.5","78.5","75","75","78.1","74.9","2,100","89.548","1,155,303"
"146","2023-08-24","GENEXIL","74.9","75.6","74.4","75.3","74.9","75.3","838","20.781","277,359"
"147","2023-08-23","GENEXIL","75.3","76.8","75.1","75.4","75.3","75.4","1,446","49.783","653,493"
"148","2023-08-22","GENEXIL","75.4","77.2","75.2","76.6","75.4","76.6","1,323","42.988","565,973"
"149","2023-08-21","GENEXIL","76.6","77","75.3","77","76.6","74.8","1,366","47.161","619,955"
"150","2023-08-20","GENEXIL","75.5","75.5","72.3","74","74.8","73.3","1,147","37.736","512,052"
"151","2023-08-17","GENEXIL","73.3","73.5","71.8","72","73.3","71.7","1,055","28.731","394,602"
"152","2023-08-16","GENEXIL","71.7","74.5","70.2","74","71.7","74.1","1,552","42.901","598,423"
"153","2023-08-14","GENEXIL","74.1","77","73.8","77","74.1","76.9","1,671","52.318","695,945"
"154","2023-08-13","GENEXIL","76.9","78","76.7","76.9","76.9","76.9","1,260","34.701","449,236"
"155","2023-08-10","GENEXIL","76.9","77","76.1","76.8","76.9","76.8","804","27.89","363,617"
"156","2023-08-09","GENEXIL","76.8","78.1","76.6","77.5","76.8","77.5","821","26.167","339,077"
"157","2023-08-08","GENEXIL","77.5","78","76.9","77.3","77.5","77","769","25.138","325,006"
"158","2023-08-07","GENEXIL","77","78.4","76.8","78.4","77","77.7","1,224","32.042","414,736"
"159","2023-08-06","GENEXIL","77.7","80.8","77.4","80.6","77.7","80.6","1,721","57.827","736,444"
"160","2023-08-03","GENEXIL","80.6","81.8","80.4","81.5","80.6","81.6","1,223","51.726","639,306"
"161","2023-08-02","GENEXIL","81.6","82.6","81.2","81.5","81.6","81.2","1,803","71.7","876,033"
"162","2023-08-01","GENEXIL","81.2","81.6","79.6","80","81.2","79.7","1,934","66.807","828,386"
"163","2023-07-31","GENEXIL","79.7","80.6","76.1","76.9","79.7","76.8","2,408","79.587","1,005,312"
"164","2023-07-30","GENEXIL","76.8","78.4","76.5","78.1","76.8","78.1","1,542","53.443","692,188"
"165","2023-07-27","GENEXIL","78.1","79.9","77.8","78.8","78.1","78.5","1,105","35.416","451,799"
"166","2023-07-26","GENEXIL","78.5","79.4","76.6","77.2","78.5","76.8","1,228","34.993","450,165"
"167","2023-07-25","GENEXIL","76.8","79.5","76.5","78.7","76.8","78","1,522","49.311","637,131"
"168","2023-07-24","GENEXIL","78","80.3","77.6","80.3","78","80","1,588","52.902","672,720"
"169","2023-07-23","GENEXIL","80","81.3","79.7","81.3","80","80.6","1,359","48.065","598,901"
"170","2023-07-20","GENEXIL","80.6","81.4","80.5","80.6","80.6","80.8","1,090","40.075","496,345"
"171","2023-07-19","GENEXIL","80.8","81.7","80","81.2","80.8","81.2","1,228","41.179","509,080"
"172","2023-07-18","GENEXIL","81.2","82.7","81","82","81.2","81.8","1,458","55.811","683,405"
"173","2023-07-17","GENEXIL","81.8","82.4","81","81.2","81.8","81.3","1,547","54.597","667,257"
"174","2023-07-16","GENEXIL","81.3","81.8","80.3","80.8","81.3","80.8","1,556","64.288","793,243"
"175","2023-07-13","GENEXIL","80.8","81.9","80.7","81.5","80.8","81","1,113","38.193","471,987"
"176","2023-07-12","GENEXIL","81","82.5","80.7","82","81","81.2","1,707","69.674","858,973"
"177","2023-07-11","GENEXIL","81.2","83.1","80.9","83","81.2","82.8","1,687","53.883","660,156"
"178","2023-07-10","GENEXIL","82.8","85","82.1","84.5","82.8","84.5","1,552","65.244","780,665"
"179","2023-07-09","GENEXIL","84.5","84.9","83.6","84.3","84.5","83.7","1,290","51.308","609,205"
"180","2023-07-06","GENEXIL","83.7","84.8","83.1","83.7","83.7","83.7","1,153","43.578","521,960"
"181","2023-07-05","GENEXIL","83.7","84.4","83.5","83.6","83.7","83.7","1,330","69.679","830,987"
"182","2023-07-04","GENEXIL","83.7","84.4","83.5","83.9","83.7","84.1","1,120","37.945","452,789"
"183","2023-07-03","GENEXIL","84.1","85.8","83.7","85.3","84.1","85.3","1,537","50.135","591,892"
"184","2023-07-02","GENEXIL","85.3","86.8","85.1","86.2","85.3","86.1","1,168","38.533","450,305"
"185","2023-06-26","GENEXIL","86.1","87.1","85.4","86.2","86.1","86.2","1,998","90.367","1,047,513"
"186","2023-06-25","GENEXIL","86.2","87.2","84.4","85.4","86.2","84.5","2,153","88.937","1,038,473"
"187","2023-06-22","GENEXIL","84.5","85.4","83.5","83.9","84.5","83.2","2,743","120.824","1,430,339"
"188","2023-06-21","GENEXIL","83.2","83.7","82.3","83","83.2","82.6","1,436","53.076","638,682"
"189","2023-06-20","GENEXIL","82.6","84.2","82.5","84","82.6","83.4","2,003","97.098","1,167,554"
"190","2023-06-19","GENEXIL","83.4","84.4","82.1","82.2","83.4","82.5","1,906","95.358","1,141,563"
"191","2023-06-18","GENEXIL","82.5","85","82.2","84.9","82.5","84.1","2,108","77.263","924,442"
"192","2023-06-15","GENEXIL","84.1","84.7","80.7","81","84.1","81","3,760","132.893","1,602,353"
"193","2023-06-14","GENEXIL","81","81.6","80.1","80.2","81","80.1","2,460","71.998","890,923"
"194","2023-06-13","GENEXIL","80.1","82.9","79.7","82.9","80.1","81.8","2,946","98.217","1,215,048"
"195","2023-06-12","GENEXIL","81.8","85.5","79.9","84.8","81.8","84.7","3,459","122.074","1,468,815"
"196","2023-06-11","GENEXIL","84.7","87.3","84.4","86.6","84.7","85.9","3,441","139.417","1,627,172"
"197","2023-06-08","GENEXIL","85.9","87.5","84.4","86.4","85.9","86.4","3,331","157.329","1,834,225"
"198","2023-06-07","GENEXIL","86.4","88.7","85.8","88","86.4","87.4","2,603","105.157","1,209,856"
"199","2023-06-06","GENEXIL","87.4","90","87.1","89.9","87.4","89.6","2,866","106.245","1,204,472"
"200","2023-06-05","GENEXIL","89.6","92.9","89.2","91","89.6","90.9","3,595","173.236","1,902,276"
"201","2023-06-04","GENEXIL","90.9","92","90.1","90.1","90.9","90.9","3,231","158.456","1,743,527"
"202","2023-06-01","GENEXIL","90.9","93.8","90.3","93.5","90.9","93","2,637","146.348","1,592,243"
"203","2023-05-31","GENEXIL","93","93.3","90","90","93","89.5","6,163","360.539","3,904,972"
"204","2023-05-30","GENEXIL","89.5","90.1","88.2","88.3","89.5","88.4","2,837","140.979","1,581,854"
"205","2023-05-29","GENEXIL","88.4","90","87.6","87.6","88.4","87.6","2,452","92.464","1,040,687"
"206","2023-05-28","GENEXIL","87.6","90.6","87.4","89.2","87.6","89.2","3,357","146.44","1,649,974"
"207","2023-05-25","GENEXIL","89.2","90.9","88.7","90.7","89.2","90.5","2,613","115.005","1,285,506"
"208","2023-05-24","GENEXIL","90.5","92.1","88.8","88.9","90.5","88.1","5,500","247.105","2,723,888"
"209","2023-05-23","GENEXIL","88.1","88.8","86.5","86.6","88.1","86.4","2,695","100.029","1,135,105"
"210","2023-05-22","GENEXIL","86.4","87.1","84.7","85.7","86.4","85.7","2,694","100.381","1,170,870"
"211","2023-05-21","GENEXIL","85.7","88.5","85.6","87.5","85.7","87.7","2,846","94.011","1,082,572"
"212","2023-05-18","GENEXIL","87.7","89.6","87.5","89.6","87.7","89","3,033","117.525","1,334,053"
"213","2023-05-17","GENEXIL","89","91","88.7","89.6","89","89.6","2,737","100.609","1,121,545"
"214","2023-05-16","GENEXIL","89.6","90.7","87.2","88.6","89.6","88.6","3,100","139.564","1,566,533"
"215","2023-05-15","GENEXIL","88.6","92","88.3","91.4","88.6","91","4,122","146.124","1,626,052"
"216","2023-05-14","GENEXIL","91","92.5","90.6","92.3","91","92.3","3,049","113.21","1,236,830"
"217","2023-05-11","GENEXIL","92.3","93.9","92","92.9","92.3","92.6","3,367","169.162","1,825,755"
"218","2023-05-10","GENEXIL","92.6","95.1","92.1","94","92.6","93.8","3,953","177.433","1,899,502"
"219","2023-05-09","GENEXIL","93.8","94.5","92.6","92.6","93.8","92.6","2,836","150.245","1,604,735"
"220","2023-05-08","GENEXIL","92.6","94.6","91.8","93.7","92.6","93.7","4,271","202.468","2,179,197"
"221","2023-05-07","GENEXIL","93.7","96","93.3","95.4","93.7","95.4","4,140","217.804","2,304,570"
"222","2023-05-03","GENEXIL","95.4","97.6","95.1","97.5","95.4","96.9","4,013","225.26","2,340,692"
"223","2023-05-02","GENEXIL","96.9","97.7","94.7","95.1","96.9","95.1","3,451","217.91","2,256,645"
"224","2023-04-30","GENEXIL","95.1","98.5","94.5","98","95.1","98","4,039","202.123","2,103,061"
"225","2023-04-27","GENEXIL","98","99.8","96.1","96.5","98","96.5","6,613","450.705","4,589,977"
"226","2023-04-26","GENEXIL","96.5","98.5","95.9","97.9","96.5","97.6","4,045","262.907","2,711,536"
"227","2023-04-25","GENEXIL","97.6","98.1","94.1","94.3","97.6","94.3","5,191","369.328","3,830,556"
"228","2023-04-24","GENEXIL","94.3","95.5","92.8","95.2","94.3","94.7","5,497","260.572","2,780,711"
"229","2023-04-18","GENEXIL","94.7","97","94.3","96","94.7","96.5","5,384","284.269","2,984,066"
"230","2023-04-17","GENEXIL","96.5","98.2","95.7","95.7","96.5","95.7","3,582","225.033","2,325,585"
"231","2023-04-16","GENEXIL","95.7","97.1","95.2","96.7","95.7","95.9","3,303","196.456","2,043,355"
"232","2023-04-13","GENEXIL","95.9","98.3","95.6","97.2","95.9","97.1","3,443","225.861","2,343,168"
"233","2023-04-12","GENEXIL","97.1","98.1","96.3","96.6","97.1","96","2,323","175.654","1,806,138"
"234","2023-04-11","GENEXIL","96","98","95.2","97.2","96","97.2","2,914","180.044","1,864,763"
"235","2023-04-10","GENEXIL","97.2","101.5","96.8","100.5","97.2","100.8","3,300","212.587","2,155,780"
"236","2023-04-09","GENEXIL","100.8","103.2","99.9","100.3","100.8","100.2","4,487","374.429","3,687,470"
"237","2023-04-06","GENEXIL","100.2","103.2","99.7","102.1","100.2","101.2","5,445","444.277","4,365,455"
"238","2023-04-05","GENEXIL","101.2","102","97.5","97.5","101.2","97.1","5,768","398.859","3,992,879"
"239","2023-04-04","GENEXIL","97.1","98.7","96.3","97.2","97.1","97.6","3,629","243.065","2,495,103"
"240","2023-04-03","GENEXIL","97.6","101.8","96.8","100.6","97.6","100.2","4,357","327.902","3,304,029"
"241","2023-04-02","GENEXIL","100.2","101.2","97.4","97.4","100.2","97.1","5,083","369.802","3,711,448"
"242","2023-03-30","GENEXIL","97.1","97.6","94.2","94.2","97.1","93.8","4,541","344.962","3,577,831"
"243","2023-03-29","GENEXIL","93.8","94.4","92.1","92.1","93.8","91.6","2,547","158.241","1,693,917"
"244","2023-03-28","GENEXIL","91.6","92.6","91","92.2","91.6","92.2","1,944","120.952","1,318,745"
"245","2023-03-27","GENEXIL","92.2","94.7","91.8","93.7","92.2","93.7","2,417","118.514","1,271,540"
"246","2023-03-23","GENEXIL","93.7","94.1","91.4","92.1","93.7","92.4","1,725","74.615","802,912"
"247","2023-03-22","GENEXIL","92.4","95.7","91.8","94.9","92.4","94.6","3,305","185.684","1,977,605"
"248","2023-03-21","GENEXIL","94.6","94.9","91.7","91.7","94.6","91.7","2,611","116.463","1,241,330"
"249","2023-03-20","GENEXIL","91.7","92.5","89.4","91","91.7","91","2,523","97.615","1,071,202"
"250","2023-03-19","GENEXIL","91","95.6","90.5","94.6","91","94.5","2,816","124.849","1,348,104"
"251","2023-03-16","GENEXIL","94.5","95.4","92.8","95","94.5","93.4","2,794","131.687","1,396,919"
"252","2023-03-15","GENEXIL","93.4","97.8","92.9","95.7","93.4","96.8","3,988","209.138","2,208,801"
"253","2023-03-14","GENEXIL","96.8","100.5","96.5","97.5","96.8","97.5","3,531","218.945","2,228,787"
"254","2023-03-13","GENEXIL","97.5","99.4","96.6","96.6","97.5","96.6","3,369","213.289","2,176,307"
"255","2023-03-12","GENEXIL","96.6","102.9","95.7","101.4","96.6","101.4","5,373","403.544","4,034,250"
"256","2023-03-09","GENEXIL","101.4","104.9","100.4","102","101.4","101.5","5,853","413.223","4,016,773"
"257","2023-03-07","GENEXIL","101.5","102.7","98.7","99.1","101.5","99.1","4,956","330.913","3,261,662"
"258","2023-03-06","GENEXIL","99.1","103.5","98.2","101.5","99.1","101.1","5,976","425.724","4,212,647"
"259","2023-03-05","GENEXIL","101.1","102","95.9","95.9","101.1","95.1","5,442","374.926","3,799,203"
"260","2023-03-02","GENEXIL","95.1","95.9","91.9","92.3","95.1","92.3","4,223","269.123","2,853,683"
"261","2023-03-01","GENEXIL","92.3","95.6","91.6","93","92.3","92.7","3,938","241.001","2,575,963"
"262","2023-02-28","GENEXIL","92.7","93.7","89.6","89.6","92.7","89.1","4,725","292.23","3,172,979"
"263","2023-02-27","GENEXIL","89.1","89.9","80","80","89.1","82.4","4,157","162.324","1,884,747"
"264","2023-02-26","GENEXIL","82.4","88.5","81.6","87","82.4","88.6","3,523","164.853","1,952,141"
"265","2023-02-23","GENEXIL","88.6","92.2","88.2","92.2","88.6","92.7","3,216","168.578","1,877,502"
"266","2023-02-22","GENEXIL","92.7","94.9","92.1","93","92.7","91.8","2,353","99.333","1,062,996"
"267","2023-02-20","GENEXIL","91.8","97.2","90.9","96.1","91.8","95.7","5,104","381.181","4,105,129"
"268","2023-02-19","GENEXIL","95.7","99.5","95.3","98.6","95.7","98.6","2,776","121.204","1,246,546"
"269","2023-02-16","GENEXIL","98.6","99.5","96.3","97.5","98.6","97.5","2,866","143.63","1,462,870"
"270","2023-02-15","GENEXIL","97.5","101.2","97","99.8","97.5","99.9","4,279","220.354","2,229,979"
"271","2023-02-14","GENEXIL","99.9","104.5","99.2","103.2","99.9","103.2","4,474","294.463","2,886,078"
"272","2023-02-13","GENEXIL","103.2","103.9","97.6","100.2","103.2","99.8","5,303","359.907","3,555,626"
"273","2023-02-12","GENEXIL","99.8","106.8","99.2","106.2","99.8","106.2","6,316","384.75","3,750,466"
"274","2023-02-09","GENEXIL","106.2","109.9","105.9","108.1","106.2","108.1","6,789","536.574","4,967,526"
"275","2023-02-08","GENEXIL","108.1","109.7","107.1","108.9","108.1","107.7","7,242","621.09","5,731,562"
"276","2023-02-07","GENEXIL","107.7","108.3","104.7","105.3","107.7","104.5","6,892","567.341","5,313,415"
"277","2023-02-06","GENEXIL","104.5","107","103.9","106","104.5","105.6","7,528","534.7","5,077,611"
"278","2023-02-05","GENEXIL","105.6","112","104.7","112","105.6","109.4","11,267","1,011.817","9,338,850"
"279","2023-02-02","GENEXIL","109.4","112.5","108.2","111.9","109.4","110","8,156","617.79","5,608,545"
"280","2023-02-01","GENEXIL","110","110.8","101.2","101.5","110","100.9","10,852","879.963","8,293,596"
"281","2023-01-31","GENEXIL","100.9","103.7","98.9","103.7","100.9","104","6,805","579.212","5,733,300"
"282","2023-01-30","GENEXIL","104","104.9","99.1","100","104","100","7,858","599.089","5,818,112"
"283","2023-01-29","GENEXIL","100","104","99.5","101.9","100","101.4","5,224","324.869","3,195,681"
"284","2023-01-26","GENEXIL","101.4","102","97.7","99.7","101.4","99.1","4,715","266.662","2,674,831"
"285","2023-01-25","GENEXIL","99.1","104.8","98.5","104","99.1","102.1","7,253","424.775","4,161,509"
"286","2023-01-24","GENEXIL","102.1","102.6","96.8","98","102.1","97","5,401","384.048","3,817,982"
"287","2023-01-23","GENEXIL","97","102.9","96.2","101.1","97","102.1","6,929","456.594","4,595,099"
"288","2023-01-22","GENEXIL","102.1","107.4","101.2","103.9","102.1","102.4","7,740","670.012","6,385,922"
"289","2023-01-19","GENEXIL","102.4","104","96.6","97","102.4","97","6,776","495.454","4,914,216"
"290","2023-01-18","GENEXIL","97","103.4","95.2","100.1","97","100.8","8,542","617.866","6,149,184"
"291","2023-01-17","GENEXIL","100.8","105","99.4","100.1","100.8","100.1","7,324","527.458","5,157,634"
"292","2023-01-16","GENEXIL","100.1","103","93.9","95","100.1","95.2","8,269","649.148","6,678,643"
"293","2023-01-15","GENEXIL","95.2","96.3","88.5","89","95.2","87.6","8,296","630.653","6,728,333"
"294","2023-01-12","GENEXIL","87.6","88.1","85.1","85.6","87.6","85.6","4,014","247.559","2,853,948"
"295","2023-01-11","GENEXIL","85.6","87.3","84.5","85","85.6","84.9","3,255","223.086","2,594,888"
"296","2023-01-10","GENEXIL","84.9","87.3","83.5","84.2","84.9","84.1","3,995","213.911","2,506,715"
"297","2023-01-09","GENEXIL","84.1","85.1","82.3","82.3","84.1","82.2","4,324","201.281","2,396,418"
"298","2023-01-08","GENEXIL","82.2","82.7","79.4","79.9","82.2","79.7","2,217","91.532","1,128,074"
"299","2023-01-05","GENEXIL","79.7","82.4","79","81.9","79.7","81.2","2,403","105.415","1,305,010"
"300","2023-01-04","GENEXIL","81.2","82","78.7","79.8","81.2","78.4","2,802","105.272","1,308,310"
"301","2023-01-03","GENEXIL","78.4","78.8","76","77.8","78.4","77","1,732","53.779","691,641"
"302","2023-01-02","GENEXIL","77","80","76.5","80","77","78.6","1,431","46","595,574"
"303","2023-01-01","GENEXIL","78.6","81.9","78.1","81.8","78.6","81","2,384","87.595","1,090,886"